NaN,5e+05,1e+06,5e+06,9.7e+06,1.07e+07,1.17e+07,2e+07,1e+08,5e+08
-120,0.47775,0.47851,0.47902,0.48083,0.4876,0.48026,0.47613,0.47783,0.48103
-119.75,0.47969,0.48079,0.47875,0.48001,0.49017,0.48234,0.48016,0.48084,0.4823
-119.5,0.47634,0.47781,0.47812,0.48213,0.48656,0.48303,0.47997,0.48178,0.48229
-119.25,0.47722,0.47919,0.47953,0.47986,0.49155,0.47854,0.47812,0.47743,0.48119
-119,0.47946,0.47725,0.47969,0.47926,0.48876,0.48278,0.47906,0.48223,0.48028
-118.75,0.47954,0.48202,0.48103,0.47911,0.49005,0.48238,0.47767,0.48072,0.48233
-118.5,0.47851,0.47856,0.48102,0.48085,0.4926,0.48398,0.47909,0.4794,0.48058
-118.25,0.47609,0.48367,0.47872,0.47959,0.49276,0.48013,0.47891,0.48166,0.47874
-118,0.47861,0.47799,0.47847,0.47889,0.4921,0.4798,0.47561,0.47875,0.48077
-117.75,0.47889,0.47963,0.47925,0.48097,0.4904,0.48392,0.47738,0.47792,0.48
-117.5,0.48122,0.4793,0.47823,0.47645,0.49223,0.47752,0.47851,0.48109,0.4812
-117.25,0.48197,0.47854,0.47724,0.4793,0.4908,0.48192,0.47687,0.47522,0.47985
-117,0.47978,0.4793,0.48003,0.47712,0.49288,0.47982,0.47942,0.47791,0.47756
-116.75,0.48218,0.47858,0.47953,0.47945,0.49171,0.48212,0.47936,0.48069,0.47905
-116.5,0.48052,0.47999,0.47982,0.48059,0.49387,0.48193,0.47601,0.4801,0.4796
-116.25,0.47952,0.47744,0.48083,0.47599,0.4958,0.47989,0.47829,0.48023,0.47999
-116,0.48039,0.47805,0.48153,0.47893,0.49771,0.47965,0.47892,0.4779,0.48178
-115.75,0.47977,0.47796,0.4775,0.4794,0.49824,0.48037,0.47875,0.477,0.47889
-115.5,0.47886,0.47759,0.47734,0.47911,0.4982,0.48086,0.47789,0.48027,0.48048
-115.25,0.4812,0.47763,0.48058,0.48089,0.50005,0.48101,0.47483,0.48216,0.47864
-115,0.47915,0.47834,0.48084,0.4797,0.5008,0.48046,0.47811,0.47898,0.47889
-114.75,0.48007,0.47898,0.47972,0.477,0.50037,0.4802,0.4783,0.48073,0.48011
-114.5,0.4801,0.47692,0.47856,0.48169,0.50191,0.47863,0.47649,0.4786,0.4779
-114.25,0.47995,0.48044,0.47748,0.48023,0.50379,0.47817,0.47806,0.48098,0.48048
-114,0.48133,0.47936,0.4792,0.47785,0.5062,0.47934,0.47648,0.47907,0.48206
-113.75,0.48168,0.47908,0.47499,0.47626,0.50709,0.48011,0.47516,0.47969,0.4783
-113.5,0.48109,0.47777,0.47647,0.47759,0.51086,0.47904,0.47583,0.47986,0.48335
-113.25,0.48171,0.47762,0.47647,0.47668,0.51017,0.48039,0.47904,0.48005,0.48096
-113,0.48113,0.4809,0.47883,0.48079,0.51254,0.47738,0.47696,0.47815,0.48028
-112.75,0.47969,0.47968,0.4803,0.47879,0.51291,0.48048,0.47895,0.47991,0.48094
-112.5,0.47929,0.478,0.47857,0.4798,0.51834,0.47927,0.47965,0.48017,0.48274
-112.25,0.47871,0.48215,0.48094,0.48126,0.52092,0.47679,0.47947,0.47875,0.47963
-112,0.48042,0.47749,0.47905,0.47984,0.52183,0.48016,0.4785,0.4798,0.48043
-111.75,0.48004,0.47916,0.47924,0.47954,0.52329,0.48314,0.47634,0.47872,0.47987
-111.5,0.47929,0.48021,0.48119,0.48092,0.52776,0.47936,0.47972,0.47815,0.48131
-111.25,0.47992,0.47738,0.48121,0.47885,0.53017,0.48096,0.47712,0.47979,0.48251
-111,0.47881,0.47537,0.48117,0.47869,0.53161,0.48049,0.47458,0.48018,0.4826
-110.75,0.47824,0.47819,0.47965,0.47924,0.53374,0.48353,0.47731,0.48169,0.48042
-110.5,0.47809,0.47808,0.48125,0.47687,0.53789,0.48253,0.47704,0.48157,0.47963
-110.25,0.48132,0.47901,0.47855,0.48123,0.53945,0.48211,0.47585,0.48229,0.48149
-110,0.4805,0.48319,0.47737,0.47868,0.54467,0.48071,0.47782,0.48073,0.4813
-109.75,0.47877,0.47801,0.47951,0.48072,0.55113,0.48302,0.47607,0.48073,0.47967
-109.5,0.48063,0.47996,0.47852,0.47674,0.55116,0.48008,0.47528,0.47964,0.48106
-109.25,0.48119,0.47908,0.48148,0.47822,0.55527,0.47658,0.47589,0.48053,0.47895
-109,0.48058,0.48189,0.47994,0.47735,0.55879,0.48194,0.47442,0.47977,0.4826
-108.75,0.48262,0.48197,0.48047,0.48016,0.56395,0.48147,0.47818,0.47929,0.48084
-108.5,0.47902,0.48143,0.47957,0.48034,0.56723,0.48003,0.4794,0.4791,0.48137
-108.25,0.4814,0.47829,0.47971,0.47876,0.572,0.47931,0.47643,0.47676,0.47975
-108,0.48108,0.47824,0.48087,0.47917,0.57875,0.48017,0.47877,0.48062,0.48166
-107.75,0.4781,0.48016,0.4788,0.4777,0.59032,0.47904,0.47547,0.48075,0.47993
-107.5,0.47942,0.47926,0.48088,0.47902,0.59339,0.47983,0.4779,0.47992,0.47994
-107.25,0.47908,0.47836,0.4783,0.48057,0.59476,0.48191,0.47863,0.48048,0.47732
-107,0.47824,0.48018,0.48347,0.47637,0.60274,0.48007,0.47332,0.48106,0.4804
-106.75,0.47933,0.47767,0.48315,0.47885,0.60777,0.4812,0.47621,0.48185,0.47999
-106.5,0.4803,0.47971,0.48294,0.47544,0.61748,0.47701,0.47732,0.47938,0.47962
-106.25,0.47742,0.4801,0.4816,0.47942,0.62124,0.47983,0.47892,0.48284,0.48094
-106,0.48279,0.4799,0.48321,0.47646,0.63106,0.48094,0.47954,0.48251,0.47819
-105.75,0.47963,0.48267,0.48411,0.47715,0.63577,0.47773,0.47581,0.48096,0.47862
-105.5,0.47768,0.48195,0.48305,0.48068,0.64144,0.47876,0.47845,0.4823,0.48011
-105.25,0.47908,0.47939,0.48433,0.475,0.65153,0.4815,0.48005,0.48003,0.4815
-105,0.47751,0.48307,0.48216,0.47965,0.65729,0.48445,0.47448,0.48061,0.48378
-104.75,0.48137,0.482,0.48252,0.48003,0.66666,0.47824,0.47714,0.4827,0.47879
-104.5,0.47993,0.48132,0.48247,0.47785,0.67202,0.47989,0.47701,0.48056,0.47827
-104.25,0.47901,0.48189,0.48411,0.47606,0.68029,0.48043,0.47519,0.47962,0.48005
-104,0.47856,0.48379,0.48398,0.48003,0.6905,0.47941,0.47736,0.48265,0.48176
-103.75,0.48167,0.48502,0.48273,0.47647,0.69805,0.48136,0.47569,0.48214,0.47904
-103.5,0.48387,0.4828,0.4834,0.4789,0.70429,0.47966,0.47742,0.47915,0.48109
-103.25,0.48016,0.48147,0.48524,0.47811,0.71426,0.47751,0.47692,0.48449,0.4803
-103,0.48055,0.48494,0.48413,0.47832,0.71902,0.48052,0.47639,0.47693,0.48199
-102.75,0.48132,0.48397,0.4809,0.47787,0.72982,0.47873,0.47565,0.47891,0.47746
-102.5,0.48045,0.48195,0.48543,0.48063,0.73815,0.4818,0.47831,0.48148,0.47842
-102.25,0.47928,0.481,0.48591,0.48022,0.74961,0.4836,0.47725,0.4796,0.4777
-102,0.4806,0.48445,0.48593,0.47565,0.75398,0.47662,0.47605,0.47611,0.48264
-101.75,0.47958,0.48448,0.48615,0.47651,0.76171,0.47822,0.47593,0.48133,0.48195
-101.5,0.48231,0.48373,0.48613,0.47795,0.77333,0.47925,0.47775,0.47818,0.48044
-101.25,0.47903,0.4859,0.48649,0.48031,0.78114,0.47921,0.47595,0.47825,0.48208
-101,0.47947,0.48465,0.48671,0.47815,0.78754,0.48543,0.47568,0.48318,0.47729
-100.75,0.48002,0.48598,0.48831,0.47739,0.79635,0.48124,0.47577,0.48152,0.47912
-100.5,0.48011,0.48458,0.48816,0.48016,0.8043,0.4806,0.47803,0.48208,0.4809
-100.25,0.4805,0.48695,0.4866,0.47714,0.81521,0.47883,0.47764,0.48234,0.47877
-100,0.48131,0.4845,0.48783,0.47529,0.82368,0.47786,0.47699,0.47821,0.47795
-99.75,0.48045,0.48614,0.48984,0.4755,0.83444,0.47706,0.47687,0.47483,0.4778
-99.5,0.47884,0.48801,0.48845,0.47914,0.84045,0.47872,0.47693,0.47931,0.47739
-99.25,0.4797,0.48884,0.49072,0.47839,0.84826,0.47696,0.47745,0.48178,0.47822
-99,0.48291,0.48632,0.49102,0.48049,0.86099,0.47762,0.47834,0.48277,0.47763
-98.75,0.48091,0.48736,0.49224,0.47923,0.86826,0.48084,0.47834,0.48063,0.47823
-98.5,0.48414,0.48857,0.49122,0.47883,0.87809,0.47657,0.47603,0.48005,0.48199
-98.25,0.4825,0.49149,0.49072,0.47957,0.88746,0.48153,0.47902,0.48172,0.48401
-98,0.47824,0.49017,0.49347,0.47759,0.89702,0.47804,0.47671,0.48088,0.4784
-97.75,0.48047,0.48881,0.4975,0.47639,0.91298,0.47778,0.48035,0.47896,0.48331
-97.5,0.48226,0.49429,0.49471,0.4793,0.91838,0.47989,0.47752,0.4822,0.47855
-97.25,0.47987,0.49097,0.49485,0.47977,0.93193,0.47762,0.47679,0.48163,0.47917
-97,0.48425,0.49525,0.49889,0.47516,0.9395,0.4819,0.48095,0.48029,0.47758
-96.75,0.48116,0.49349,0.49853,0.47739,0.95015,0.47933,0.47693,0.47817,0.48077
-96.5,0.48031,0.4919,0.50176,0.47704,0.96095,0.47906,0.48298,0.47804,0.4791
-96.25,0.47972,0.49192,0.50366,0.47957,0.97032,0.4792,0.47905,0.48094,0.48238
-96,0.47989,0.49811,0.50244,0.48076,0.97962,0.48076,0.47776,0.48126,0.48275
-95.75,0.48151,0.49906,0.50346,0.47918,0.98951,0.47691,0.47959,0.48086,0.4813
-95.5,0.48225,0.50351,0.50677,0.4747,0.99778,0.47838,0.48012,0.48101,0.48168
-95.25,0.48075,0.50045,0.50723,0.47759,1.0096,0.48063,0.47657,0.47864,0.47983
-95,0.4793,0.50112,0.50703,0.47825,1.0186,0.47873,0.47518,0.48241,0.48112
-94.75,0.48392,0.50374,0.51044,0.47746,1.0275,0.48056,0.47389,0.48149,0.4808
-94.5,0.48057,0.50399,0.5125,0.47841,1.0366,0.48154,0.4719,0.48068,0.48097
-94.25,0.48049,0.50718,0.51366,0.4761,1.0475,0.47961,0.48161,0.4831,0.48149
-94,0.48087,0.5076,0.51364,0.47746,1.0572,0.47928,0.47951,0.47855,0.48004
-93.75,0.47847,0.5103,0.51498,0.48012,1.0656,0.47897,0.47792,0.47924,0.47858
-93.5,0.47755,0.51143,0.51513,0.48029,1.0755,0.48066,0.48003,0.47977,0.47875
-93.25,0.4806,0.51532,0.52034,0.47742,1.0844,0.48065,0.47652,0.47989,0.48098
-93,0.479,0.51361,0.52234,0.47659,1.0945,0.47913,0.48027,0.47978,0.47824
-92.75,0.48042,0.51628,0.52324,0.47747,1.1035,0.47701,0.47608,0.4776,0.48065
-92.5,0.48101,0.51948,0.52652,0.47577,1.111,0.47936,0.47465,0.47962,0.48001
-92.25,0.48086,0.52009,0.5288,0.47671,1.1225,0.48291,0.47487,0.48034,0.4826
-92,0.47887,0.52379,0.53003,0.47688,1.13,0.48044,0.47634,0.48012,0.48093
-91.75,0.4811,0.5259,0.53346,0.47873,1.1394,0.4799,0.4773,0.48146,0.4824
-91.5,0.4831,0.53025,0.53563,0.47975,1.1489,0.48034,0.47632,0.47993,0.48083
-91.25,0.4833,0.53229,0.53995,0.47803,1.1571,0.47951,0.4763,0.48126,0.47919
-91,0.48296,0.53548,0.54174,0.48092,1.1661,0.48097,0.48038,0.47817,0.48363
-90.75,0.4807,0.53682,0.54539,0.47629,1.1747,0.47882,0.48339,0.47844,0.48162
-90.5,0.48324,0.54311,0.54714,0.47914,1.1827,0.47805,0.47915,0.477,0.48088
-90.25,0.48051,0.54875,0.54907,0.47753,1.1926,0.47923,0.47952,0.47984,0.47977
-90,0.47782,0.55087,0.55247,0.47836,1.2003,0.47845,0.47832,0.48137,0.4832
-89.75,0.48254,0.55421,0.55696,0.47855,1.2089,0.4794,0.48079,0.47867,0.48022
-89.5,0.48386,0.55829,0.55701,0.47825,1.2172,0.48112,0.47704,0.47987,0.48249
-89.25,0.4825,0.56469,0.56186,0.4761,1.225,0.48426,0.48065,0.48076,0.481
-89,0.48234,0.5678,0.56705,0.47518,1.2332,0.47939,0.47812,0.48162,0.4824
-88.75,0.48133,0.57393,0.5692,0.47934,1.2415,0.47953,0.4782,0.47777,0.48187
-88.5,0.48303,0.57686,0.57055,0.48053,1.2494,0.47865,0.47678,0.48057,0.48322
-88.25,0.48254,0.58424,0.57384,0.47826,1.2578,0.47935,0.48029,0.48029,0.47799
-88,0.48288,0.59011,0.57878,0.4798,1.265,0.4781,0.4795,0.48164,0.4806
-87.75,0.48315,0.6013,0.58808,0.47899,1.2815,0.47967,0.47776,0.48012,0.47886
-87.5,0.48112,0.60695,0.59175,0.47908,1.2887,0.47967,0.47883,0.48012,0.47923
-87.25,0.4813,0.61244,0.59697,0.47707,1.2974,0.48176,0.47436,0.47727,0.47825
-87,0.48481,0.62024,0.60097,0.47897,1.3054,0.47769,0.47939,0.47925,0.48037
-86.75,0.48301,0.62614,0.60564,0.48033,1.3129,0.4815,0.47859,0.47822,0.48255
-86.5,0.48275,0.63296,0.61024,0.47323,1.3221,0.47907,0.47806,0.48221,0.47977
-86.25,0.48348,0.63941,0.61555,0.47679,1.3298,0.48027,0.47975,0.48262,0.4825
-86,0.4803,0.64752,0.62066,0.47894,1.3371,0.47981,0.47891,0.47873,0.47874
-85.75,0.48375,0.65412,0.62584,0.47553,1.3456,0.48048,0.48184,0.48102,0.47897
-85.5,0.48086,0.66011,0.63221,0.47843,1.3532,0.48335,0.4815,0.47945,0.48047
-85.25,0.48333,0.66889,0.63805,0.47944,1.361,0.47804,0.4776,0.47911,0.47972
-85,0.48173,0.67634,0.64498,0.47604,1.3689,0.48286,0.48189,0.48223,0.48286
-84.75,0.48586,0.68331,0.64917,0.47926,1.3761,0.47952,0.47854,0.48004,0.48172
-84.5,0.48296,0.69156,0.65615,0.47857,1.3841,0.47624,0.48304,0.48102,0.48135
-84.25,0.48352,0.69884,0.66164,0.47874,1.3925,0.48278,0.48009,0.4793,0.48093
-84,0.48529,0.70684,0.66825,0.48207,1.3996,0.48008,0.47579,0.48235,0.47783
-83.75,0.48597,0.71543,0.67393,0.47819,1.4077,0.48013,0.47997,0.48203,0.48056
-83.5,0.48514,0.7237,0.68153,0.47688,1.4153,0.48085,0.47878,0.47829,0.47772
-83.25,0.48858,0.73068,0.68761,0.47961,1.4236,0.48139,0.47396,0.47748,0.48052
-83,0.4865,0.73834,0.69535,0.48148,1.4308,0.48182,0.47998,0.4798,0.47651
-82.75,0.48725,0.74729,0.70249,0.47582,1.4391,0.47825,0.47666,0.47999,0.4815
-82.5,0.49083,0.7548,0.7091,0.4766,1.4465,0.47986,0.48053,0.47958,0.47896
-82.25,0.48813,0.76338,0.71603,0.4794,1.4543,0.47966,0.48373,0.47609,0.47985
-82,0.48668,0.77094,0.7234,0.47813,1.4622,0.47956,0.48287,0.47825,0.48011
-81.75,0.49003,0.77914,0.73049,0.48027,1.4704,0.48009,0.48113,0.47901,0.48316
-81.5,0.48926,0.78751,0.73821,0.47834,1.4779,0.48201,0.48327,0.47964,0.47886
-81.25,0.49082,0.79558,0.74553,0.47897,1.4859,0.48057,0.48442,0.4807,0.48237
-81,0.48908,0.80406,0.75298,0.47986,1.4925,0.48205,0.48372,0.47715,0.48333
-80.75,0.49239,0.81349,0.76102,0.47804,1.5012,0.48031,0.48694,0.48006,0.47854
-80.5,0.49772,0.82172,0.76806,0.47965,1.5095,0.48077,0.48514,0.48131,0.48206
-80.25,0.4931,0.83013,0.775,0.48105,1.517,0.48179,0.48349,0.48099,0.48101
-80,0.49595,0.83956,0.78338,0.47864,1.5248,0.48156,0.48106,0.47838,0.4824
-79.75,0.49534,0.84762,0.79106,0.48052,1.533,0.48026,0.4817,0.48048,0.48639
-79.5,0.49641,0.85661,0.7987,0.47994,1.5412,0.47589,0.48348,0.48325,0.47865
-79.25,0.49636,0.866,0.80665,0.48047,1.5487,0.48059,0.48686,0.48011,0.48336
-79,0.49776,0.87405,0.81461,0.48284,1.5566,0.47901,0.48378,0.48108,0.47724
-78.75,0.49949,0.88447,0.82181,0.47973,1.5645,0.48053,0.48112,0.47879,0.48318
-78.5,0.49797,0.8938,0.82925,0.48018,1.5724,0.4819,0.48458,0.47766,0.47914
-78.25,0.50012,0.90265,0.83727,0.47962,1.5803,0.47998,0.48554,0.47722,0.48048
-78,0.49886,0.9119,0.84528,0.47857,1.5885,0.47976,0.48326,0.48061,0.48032
-77.75,0.50548,0.93096,0.86073,0.4819,1.6034,0.47575,0.4837,0.48052,0.4826
-77.5,0.50679,0.93963,0.86927,0.47943,1.6115,0.48317,0.48382,0.481,0.4794
-77.25,0.51145,0.94874,0.87741,0.47992,1.621,0.48217,0.48534,0.47685,0.48099
-77,0.51248,0.95804,0.88601,0.48013,1.6293,0.48127,0.48574,0.4809,0.47832
-76.75,0.51263,0.96709,0.89375,0.47948,1.638,0.48155,0.48519,0.47805,0.47839
-76.5,0.51673,0.97658,0.90225,0.48174,1.6466,0.48111,0.48375,0.4798,0.48166
-76.25,0.5179,0.98592,0.91107,0.48339,1.656,0.48108,0.48388,0.48079,0.47817
-76,0.51971,0.99504,0.91962,0.48107,1.6649,0.48057,0.48463,0.48322,0.48186
-75.75,0.52425,1.0047,0.92805,0.48494,1.6736,0.48083,0.48607,0.48028,0.4786
-75.5,0.52535,1.0138,0.93673,0.48277,1.6823,0.48108,0.4863,0.4816,0.48024
-75.25,0.53085,1.0229,0.94573,0.47894,1.6911,0.48116,0.4882,0.48267,0.4816
-75,0.53359,1.0322,0.9544,0.48237,1.6995,0.4815,0.4889,0.48128,0.48125
-74.75,0.53557,1.0418,0.9631,0.48047,1.7081,0.48055,0.48612,0.47888,0.48007
-74.5,0.53902,1.0504,0.97207,0.48149,1.7169,0.48114,0.48908,0.48364,0.48072
-74.25,0.54201,1.0597,0.98072,0.48034,1.7257,0.47982,0.48583,0.47838,0.4804
-74,0.54808,1.0691,0.98955,0.48589,1.7337,0.48266,0.48732,0.48047,0.47933
-73.75,0.55344,1.0781,0.9984,0.48233,1.7424,0.47744,0.48983,0.4814,0.48103
-73.5,0.55619,1.0872,1.0071,0.48313,1.7508,0.48049,0.48604,0.47958,0.48056
-73.25,0.56,1.0962,1.0162,0.48188,1.7592,0.47906,0.48999,0.48141,0.48057
-73,0.56676,1.1055,1.0247,0.48497,1.7675,0.47734,0.48638,0.47967,0.47971
-72.75,0.57162,1.1144,1.0338,0.48374,1.7756,0.48292,0.48881,0.47998,0.48177
-72.5,0.57821,1.1232,1.0426,0.48472,1.7842,0.48045,0.48873,0.48252,0.47962
-72.25,0.58185,1.1318,1.0513,0.48296,1.7923,0.47816,0.4944,0.47901,0.47871
-72,0.58881,1.1405,1.0598,0.48804,1.8003,0.47854,0.49666,0.47975,0.47958
-71.75,0.59445,1.149,1.0684,0.48604,1.8086,0.48072,0.4988,0.47952,0.48014
-71.5,0.60133,1.1573,1.0771,0.48929,1.8164,0.48018,0.49866,0.48108,0.48217
-71.25,0.60764,1.1658,1.0858,0.48581,1.8242,0.48208,0.49898,0.48062,0.48165
-71,0.61516,1.1746,1.0942,0.48695,1.8321,0.48011,0.49712,0.47869,0.482
-70.75,0.62351,1.1834,1.1029,0.48871,1.8401,0.47921,0.49986,0.48086,0.47899
-70.5,0.62998,1.1921,1.1111,0.48661,1.8479,0.47993,0.50088,0.48118,0.48028
-70.25,0.64056,1.2007,1.1195,0.48952,1.8555,0.47867,0.50046,0.47926,0.47821
-70,0.64517,1.2088,1.128,0.48812,1.8632,0.47886,0.50268,0.48037,0.47866
-69.75,0.65537,1.2166,1.1362,0.48982,1.8704,0.48283,0.50413,0.48108,0.47744
-69.5,0.66314,1.2241,1.1446,0.48778,1.8781,0.48256,0.50671,0.48128,0.47906
-69.25,0.67118,1.2328,1.1526,0.48999,1.8856,0.48224,0.50698,0.47707,0.47922
-69,0.68117,1.2415,1.1608,0.49227,1.8931,0.48057,0.50978,0.47809,0.47979
-68.75,0.69167,1.25,1.1688,0.4921,1.9011,0.48082,0.50825,0.48003,0.47988
-68.5,0.69477,1.2576,1.1768,0.49412,1.9086,0.48405,0.50951,0.48301,0.48178
-68.25,0.69044,1.2663,1.1845,0.49449,1.9155,0.48062,0.51178,0.48036,0.48087
-68,0.6947,1.2742,1.1924,0.49456,1.9232,0.47991,0.51419,0.47782,0.47913
-67.75,0.73203,1.2901,1.2086,0.49485,1.9375,0.48457,0.51885,0.48039,0.48256
-67.5,0.73999,1.2978,1.2162,0.49528,1.945,0.48319,0.52137,0.48196,0.48139
-67.25,0.74961,1.3052,1.2244,0.50057,1.9527,0.48488,0.52295,0.48107,0.4772
-67,0.75951,1.3128,1.2325,0.49792,1.9604,0.48603,0.52599,0.48189,0.4799
-66.75,0.76844,1.3206,1.2405,0.50281,1.968,0.48568,0.52969,0.47986,0.47963
-66.5,0.77889,1.328,1.2485,0.49995,1.9756,0.48623,0.53064,0.4785,0.47747
-66.25,0.78834,1.3357,1.2564,0.50287,1.9834,0.48225,0.53545,0.48048,0.48221
-66,0.79973,1.3434,1.2644,0.50709,1.9907,0.48295,0.53577,0.47981,0.48063
-65.75,0.81029,1.3511,1.2724,0.50854,1.9985,0.48416,0.53949,0.47861,0.48132
-65.5,0.81962,1.3586,1.2801,0.50921,2.006,0.48541,0.54344,0.48239,0.48264
-65.25,0.83104,1.3663,1.2878,0.51156,2.0136,0.48788,0.54718,0.47938,0.47997
-65,0.84198,1.3738,1.2955,0.51158,2.0211,0.48485,0.55183,0.47896,0.47817
-64.75,0.85244,1.3814,1.3032,0.51242,2.0287,0.48397,0.55478,0.47927,0.47893
-64.5,0.86226,1.3888,1.311,0.51655,2.0365,0.48498,0.55899,0.48191,0.48013
-64.25,0.87363,1.3964,1.3185,0.51786,2.0441,0.48588,0.56233,0.48203,0.48067
-64,0.88599,1.404,1.326,0.52309,2.0514,0.48834,0.56619,0.479,0.47941
-63.75,0.89665,1.4114,1.3334,0.52151,2.059,0.48479,0.57032,0.48398,0.48124
-63.5,0.9087,1.4189,1.3409,0.52471,2.0667,0.48728,0.57611,0.48263,0.48072
-63.25,0.92031,1.4265,1.3484,0.52617,2.0743,0.48738,0.57937,0.48125,0.47769
-63,0.93232,1.434,1.3561,0.53062,2.0819,0.48797,0.58376,0.48141,0.48325
-62.75,0.94308,1.4415,1.3635,0.53198,2.0896,0.49049,0.58983,0.48246,0.48389
-62.5,0.9542,1.4489,1.3709,0.53693,2.0974,0.49204,0.59423,0.48303,0.48075
-62.25,0.96526,1.4566,1.3784,0.53938,2.105,0.49092,0.59881,0.48321,0.4817
-62,0.97649,1.4643,1.3856,0.54129,2.1127,0.4912,0.60373,0.47931,0.48003
-61.75,0.98841,1.4717,1.3932,0.54616,2.1204,0.49109,0.60897,0.48281,0.47753
-61.5,1.0002,1.4795,1.4006,0.54804,2.1283,0.49345,0.61452,0.47924,0.48022
-61.25,1.0115,1.4871,1.4081,0.55148,2.1362,0.49407,0.62043,0.48203,0.4813
-61,1.023,1.4947,1.4154,0.55401,2.1439,0.49662,0.62597,0.48241,0.48299
-60.75,1.0353,1.5023,1.4229,0.5596,2.1518,0.49269,0.63205,0.48202,0.48014
-60.5,1.0466,1.5101,1.4302,0.56257,2.1598,0.49671,0.63663,0.48226,0.47978
-60.25,1.0577,1.5185,1.4376,0.5679,2.1677,0.4973,0.64358,0.48137,0.48013
-60,1.0688,1.5273,1.4451,0.56913,2.1757,0.50006,0.64905,0.4815,0.48418
-59.75,1.0798,1.5351,1.4526,0.5742,2.1837,0.49926,0.65422,0.47943,0.47732
-59.5,1.0903,1.5436,1.4601,0.57869,2.1915,0.503,0.66066,0.48279,0.48089
-59.25,1.1001,1.5518,1.4675,0.58396,2.1994,0.5016,0.66672,0.47994,0.48153
-59,1.1117,1.5603,1.475,0.58868,2.2073,0.50516,0.67216,0.4803,0.48348
-58.75,1.1216,1.569,1.4826,0.59329,2.2158,0.50567,0.67926,0.47875,0.48386
-58.5,1.1287,1.5769,1.4901,0.59793,2.2239,0.50665,0.68475,0.48041,0.483
-58.25,1.1209,1.5855,1.4977,0.60205,2.2321,0.51166,0.69075,0.47758,0.48182
-58,1.129,1.5941,1.5052,0.60836,2.2402,0.51129,0.69762,0.48208,0.4806
-57.75,1.174,1.6136,1.5205,0.61787,2.2562,0.51526,0.70908,0.4812,0.48326
-57.5,1.183,1.621,1.5285,0.62346,2.2645,0.5166,0.71527,0.47875,0.48049
-57.25,1.1922,1.6294,1.5367,0.62947,2.2732,0.51881,0.72215,0.47934,0.47887
-57,1.2013,1.6379,1.5449,0.63489,2.2815,0.51964,0.72893,0.48061,0.4796
-56.75,1.2105,1.6463,1.5532,0.64083,2.2904,0.52301,0.73609,0.48133,0.48233
-56.5,1.2194,1.6548,1.5615,0.64639,2.299,0.5239,0.74325,0.48187,0.48089
-56.25,1.229,1.6633,1.5699,0.6528,2.3077,0.52952,0.75047,0.47964,0.48177
-56,1.2385,1.6719,1.5784,0.65844,2.3158,0.53166,0.75748,0.48288,0.48127
-55.75,1.2478,1.6805,1.5868,0.66508,2.325,0.53445,0.76408,0.48195,0.47928
-55.5,1.2569,1.6889,1.5952,0.67164,2.3335,0.53823,0.77105,0.48256,0.48096
-55.25,1.2659,1.6973,1.6037,0.67772,2.3422,0.53992,0.77829,0.48092,0.47848
-55,1.2749,1.7059,1.6122,0.68513,2.3506,0.54187,0.78583,0.47531,0.48199
-54.75,1.2829,1.7142,1.6207,0.69156,2.3592,0.54673,0.79236,0.48133,0.48163
-54.5,1.2914,1.7222,1.6293,0.69752,2.3676,0.54953,0.79996,0.47879,0.48085
-54.25,1.3002,1.7307,1.6378,0.70453,2.376,0.55403,0.80694,0.48244,0.48243
-54,1.3086,1.7389,1.6464,0.71097,2.3843,0.55754,0.8142,0.47967,0.48362
-53.75,1.3171,1.7471,1.6549,0.71771,2.3927,0.56236,0.82143,0.48192,0.48061
-53.5,1.3255,1.7552,1.6634,0.72437,2.4009,0.56732,0.82904,0.48003,0.48112
-53.25,1.3334,1.7634,1.672,0.73161,2.4091,0.57069,0.83634,0.48291,0.4818
-53,1.3413,1.7718,1.6805,0.73824,2.4172,0.57507,0.84338,0.48099,0.47776
-52.75,1.349,1.7795,1.689,0.7452,2.4254,0.58023,0.85154,0.47974,0.48365
-52.5,1.3575,1.7874,1.6975,0.75182,2.4333,0.58431,0.85843,0.48229,0.48206
-52.25,1.3649,1.7956,1.7059,0.7591,2.4413,0.58914,0.86598,0.48244,0.48262
-52,1.3726,1.8032,1.7143,0.7659,2.4492,0.5936,0.87322,0.48173,0.48113
-51.75,1.3809,1.8112,1.7227,0.77291,2.4572,0.59941,0.8812,0.48149,0.48161
-51.5,1.3881,1.8187,1.7309,0.78016,2.465,0.60547,0.8887,0.47905,0.48148
-51.25,1.3959,1.8264,1.7391,0.78728,2.4727,0.61147,0.89663,0.48184,0.47916
-51,1.4045,1.8341,1.7473,0.79414,2.4806,0.61607,0.90408,0.47842,0.47906
-50.75,1.4119,1.8417,1.7554,0.80107,2.4883,0.62241,0.91199,0.47807,0.48365
-50.5,1.419,1.849,1.7635,0.80849,2.4959,0.62864,0.91956,0.48255,0.47856
-50.25,1.4259,1.8567,1.7717,0.81546,2.5036,0.63431,0.92762,0.48253,0.47948
-50,1.4338,1.8647,1.7797,0.82271,2.5113,0.63868,0.9352,0.48022,0.47993
-49.75,1.4408,1.8726,1.7876,0.82988,2.5188,0.64442,0.9432,0.47797,0.48377
-49.5,1.4481,1.8805,1.7955,0.83733,2.5262,0.65054,0.95097,0.48059,0.48334
-49.25,1.455,1.8879,1.8034,0.84466,2.5337,0.65678,0.95871,0.48175,0.47999
-49,1.4622,1.8962,1.8112,0.85192,2.5412,0.66246,0.9668,0.48159,0.48279
-48.75,1.4699,1.9039,1.819,0.85937,2.5487,0.66896,0.97469,0.48063,0.48393
-48.5,1.4738,1.9112,1.8266,0.86671,2.556,0.67529,0.98282,0.48268,0.48273
-48.25,1.4689,1.9188,1.8343,0.87405,2.5636,0.68251,0.99092,0.48073,0.48054
-48,1.4739,1.9264,1.8418,0.88154,2.5708,0.68884,0.99856,0.48253,0.47885
-47.75,1.5078,1.9418,1.8575,0.89684,2.5852,0.70154,1.0152,0.48074,0.48151
-47.5,1.5141,1.9488,1.8652,0.90476,2.5927,0.70843,1.0233,0.48408,0.48369
-47.25,1.5209,1.9561,1.873,0.91291,2.6004,0.71587,1.0318,0.48295,0.47857
-47,1.5277,1.9634,1.8808,0.92078,2.6082,0.72258,1.0406,0.48135,0.48057
-46.75,1.5344,1.9708,1.8885,0.92914,2.6158,0.72935,1.049,0.48515,0.47799
-46.5,1.5416,1.9781,1.8964,0.93728,2.6235,0.73747,1.0577,0.48009,0.48294
-46.25,1.5489,1.9855,1.9042,0.94556,2.6311,0.74447,1.0662,0.48236,0.48083
-46,1.5558,1.9929,1.9118,0.95378,2.6387,0.75197,1.0747,0.48445,0.47964
-45.75,1.5621,2.0002,1.9194,0.96316,2.6464,0.75854,1.0829,0.48257,0.48375
-45.5,1.5689,2.0075,1.9271,0.97223,2.6542,0.76535,1.0916,0.48056,0.4801
-45.25,1.5754,2.0149,1.9347,0.98091,2.6619,0.77341,1.1,0.4855,0.47906
-45,1.5822,2.0221,1.9423,0.9895,2.6695,0.78102,1.1081,0.48345,0.48162
-44.75,1.5879,2.0296,1.9498,0.99807,2.6772,0.78884,1.1167,0.4808,0.48029
-44.5,1.5936,2.037,1.9573,1.0067,2.6852,0.7958,1.1247,0.4813,0.48591
-44.25,1.5987,2.0443,1.9648,1.0151,2.6929,0.80306,1.1331,0.48277,0.48176
-44,1.6038,2.0516,1.9723,1.0234,2.7004,0.81129,1.1414,0.48348,0.48139
-43.75,1.6084,2.059,1.9798,1.032,2.7083,0.81856,1.1498,0.48209,0.48277
-43.5,1.6128,2.0663,1.9872,1.0406,2.7161,0.82603,1.1575,0.48384,0.48163
-43.25,1.616,2.0738,1.9946,1.0489,2.7238,0.83411,1.1657,0.48566,0.48215
-43,1.6192,2.0808,2.002,1.0573,2.7318,0.84161,1.1736,0.48479,0.48212
-42.75,1.6211,2.0882,2.0093,1.0659,2.7397,0.84943,1.1814,0.48195,0.47883
-42.5,1.6221,2.0957,2.0167,1.0742,2.7475,0.85717,1.1895,0.48371,0.48062
-42.25,1.6219,2.1032,2.0241,1.0826,2.7554,0.86475,1.1973,0.48498,0.48182
-42,1.619,2.1107,2.0316,1.0908,2.7633,0.87251,1.2052,0.47869,0.48475
-41.75,1.6135,2.1183,2.0389,1.0991,2.7712,0.88007,1.2127,0.48281,0.47839
-41.5,1.5992,2.1257,2.0464,1.1071,2.7791,0.88879,1.2206,0.48502,0.48253
-41.25,1.5645,2.1333,2.0538,1.1155,2.7871,0.89593,1.2278,0.48452,0.481
-41,1.5456,2.1409,2.0613,1.1236,2.795,0.90167,1.2359,0.48609,0.48308
-40.75,1.5492,2.1491,2.0687,1.1319,2.803,0.92422,1.2433,0.48369,0.47972
-40.5,1.5562,2.1567,2.0762,1.1396,2.811,0.93101,1.251,0.4872,0.48047
-40.25,1.5657,2.165,2.0837,1.1471,2.8189,0.93915,1.2583,0.48465,0.48309
-40,1.575,2.1731,2.0912,1.1551,2.8269,0.94687,1.2657,0.48227,0.48266
-39.75,1.5833,2.1819,2.0987,1.1631,2.8346,0.95523,1.2733,0.48052,0.47972
-39.5,1.5911,2.1895,2.1062,1.1713,2.8422,0.96242,1.2806,0.48499,0.47978
-39.25,1.5964,2.1977,2.1137,1.1791,2.85,0.97059,1.2881,0.48196,0.4814
-39,1.5981,2.2057,2.1213,1.1871,2.8579,0.97909,1.2953,0.48257,0.48062
-38.75,1.598,2.2135,2.129,1.1949,2.8659,0.98726,1.3025,0.48296,0.48048
-38.5,1.6002,2.223,2.1365,1.2024,2.8734,0.99552,1.3098,0.48394,0.48128
-38.25,1.5985,2.2308,2.1442,1.21,2.8815,1.0042,1.3164,0.48492,0.48422
-38,1.6006,2.2392,2.1521,1.2176,2.8897,1.0119,1.3238,0.48419,0.48316
-37.75,1.6446,2.2574,2.1684,1.2335,2.9095,1.0261,1.33,0.50302,0.47982
-37.5,1.6558,2.2651,2.1765,1.2412,2.9173,1.034,1.3375,0.50767,0.4809
-37.25,1.6674,2.2732,2.1842,1.2491,2.9251,1.0413,1.3455,0.50371,0.48374
-37,1.6787,2.2813,2.1925,1.2568,2.9336,1.0507,1.3532,0.50694,0.48061
-36.75,1.6901,2.2892,2.2007,1.2647,2.9422,1.0591,1.3606,0.50116,0.48119
-36.5,1.7002,2.2974,2.2092,1.2725,2.9501,1.0684,1.3686,0.50624,0.47979
-36.25,1.71,2.3055,2.2177,1.2801,2.9586,1.0775,1.3763,0.50527,0.48222
-36,1.7189,2.3137,2.2263,1.2879,2.967,1.0859,1.384,0.50627,0.48324
-35.75,1.7271,2.3218,2.2347,1.2957,2.9755,1.0946,1.3915,0.50544,0.48168
-35.5,1.7339,2.33,2.2434,1.3027,2.9826,1.1027,1.3991,0.50761,0.48436
-35.25,1.7391,2.3379,2.252,1.3103,2.9906,1.1117,1.4066,0.50719,0.48111
-35,1.7404,2.3459,2.2605,1.3179,2.999,1.1195,1.414,0.51,0.48081
-34.75,1.7408,2.3537,2.269,1.3254,3.0075,1.1273,1.4216,0.50568,0.48073
-34.5,1.7434,2.3616,2.2774,1.333,3.0158,1.1347,1.4293,0.5064,0.48353
-34.25,1.75,2.3693,2.2861,1.3403,3.0241,1.1435,1.437,0.50537,0.48177
-34,1.7588,2.3772,2.2946,1.3478,3.0322,1.151,1.4444,0.50632,0.48287
-33.75,1.7685,2.3849,2.3031,1.3553,3.0402,1.1593,1.4521,0.50776,0.48418
-33.5,1.7781,2.3925,2.3116,1.3623,3.0482,1.168,1.4597,0.50594,0.4823
-33.25,1.787,2.4,2.3202,1.3697,3.0563,1.1757,1.4673,0.50654,0.48525
-33,1.7946,2.4076,2.3286,1.377,3.0643,1.1834,1.475,0.5082,0.48152
-32.75,1.8006,2.4151,2.337,1.3844,3.0723,1.1891,1.4825,0.50846,0.47963
-32.5,1.8015,2.4225,2.3453,1.3918,3.0803,1.194,1.4905,0.50733,0.48124
-32.25,1.7943,2.4298,2.3537,1.3992,3.0882,1.2005,1.4982,0.50681,0.48289
-32,1.8069,2.4374,2.362,1.4066,3.096,1.2082,1.506,0.50585,0.4824
-31.75,1.8206,2.4447,2.3702,1.414,3.1038,1.2156,1.5143,0.51225,0.47871
-31.5,1.8358,2.4516,2.3784,1.4213,3.1116,1.2236,1.5221,0.5088,0.47872
-31.25,1.8508,2.4586,2.3866,1.4291,3.1193,1.2309,1.5298,0.50918,0.48254
-31,1.8651,2.4657,2.3947,1.4366,3.1266,1.2386,1.5377,0.50789,0.47828
-30.75,1.8789,2.4729,2.4028,1.444,3.1343,1.2455,1.5457,0.50662,0.48082
-30.5,1.8918,2.4803,2.4108,1.4514,3.1421,1.2529,1.5541,0.508,0.4775
-30.25,1.9042,2.4876,2.4189,1.4588,3.1498,1.2611,1.5625,0.51324,0.48171
-30,1.9158,2.4948,2.4269,1.4664,3.1575,1.2687,1.5711,0.51102,0.48061
-29.75,1.9259,2.502,2.4347,1.4739,3.1651,1.277,1.5791,0.51191,0.48116
-29.5,1.9379,2.5086,2.4431,1.4815,3.1728,1.2844,1.5878,0.50946,0.48047
-29.25,1.9473,2.5156,2.4509,1.4889,3.1803,1.292,1.5966,0.5112,0.48205
-29,1.9563,2.5219,2.4586,1.4966,3.1878,1.2993,1.6047,0.51441,0.48136
-28.75,1.9654,2.5288,2.4663,1.5038,3.1955,1.3067,1.6128,0.51395,0.48095
-28.5,1.9699,2.5356,2.4738,1.5114,3.203,1.3133,1.6214,0.51095,0.47983
-28.25,1.9627,2.5435,2.4812,1.5191,3.2105,1.3198,1.6302,0.50915,0.47982
-28,1.9696,2.5495,2.4888,1.5267,3.218,1.327,1.6383,0.50972,0.48172
-27.75,2.0005,2.5627,2.5044,1.5427,3.2326,1.3406,1.6558,0.62603,0.48139
-27.5,2.0082,2.5688,2.5121,1.5508,3.2403,1.3474,1.6639,0.62664,0.48501
-27.25,2.0156,2.5749,2.5198,1.5588,3.2488,1.3546,1.6729,0.628,0.48258
-27,2.023,2.581,2.5276,1.5673,3.2567,1.3615,1.6815,0.62563,0.48029
-26.75,2.03,2.5868,2.5354,1.5756,3.2647,1.3689,1.6903,0.62937,0.48408
-26.5,2.0364,2.5927,2.5427,1.5846,3.2726,1.378,1.6989,0.6278,0.48293
-26.25,2.0418,2.5985,2.5504,1.5932,3.2806,1.3881,1.7074,0.62692,0.48278
-26,2.0475,2.6044,2.5582,1.602,3.2886,1.3963,1.716,0.62703,0.48707
-25.75,2.0526,2.61,2.5658,1.6103,3.2965,1.4036,1.7246,0.63285,0.47983
-25.5,2.0557,2.6153,2.5735,1.6191,3.305,1.4111,1.733,0.62849,0.48306
-25.25,2.0597,2.6207,2.5812,1.6279,3.313,1.4191,1.741,0.62868,0.4814
-25,2.0674,2.6263,2.5888,1.637,3.321,1.4266,1.7495,0.62913,0.48247
-24.75,2.0763,2.6311,2.5963,1.6459,3.3286,1.4343,1.7584,0.62983,0.48253
-24.5,2.0877,2.6362,2.6041,1.6545,3.3366,1.4422,1.7664,0.62886,0.48512
-24.25,2.099,2.6412,2.611,1.6631,3.3447,1.452,1.7746,0.62837,0.48382
-24,2.1111,2.646,2.6192,1.6717,3.3528,1.4598,1.7828,0.62977,0.48273
-23.75,2.1231,2.6506,2.6267,1.6804,3.3609,1.4677,1.7909,0.63267,0.48226
-23.5,2.1346,2.6553,2.6339,1.6892,3.3689,1.4759,1.7991,0.63085,0.48591
-23.25,2.1461,2.6597,2.6419,1.6979,3.3769,1.484,1.807,0.63464,0.48132
-23,2.1558,2.6642,2.6494,1.7067,3.3848,1.4919,1.815,0.6364,0.48394
-22.75,2.1657,2.6686,2.6569,1.715,3.3929,1.4991,1.8229,0.63472,0.48469
-22.5,2.1755,2.6729,2.6645,1.7235,3.401,1.509,1.8308,0.6333,0.48354
-22.25,2.1849,2.6769,2.6721,1.7329,3.4091,1.5174,1.8386,0.63175,0.48473
-22,2.1936,2.6811,2.6794,1.7412,3.4172,1.525,1.8464,0.63736,0.48272
-21.75,2.2031,2.6852,2.6869,1.7494,3.4253,1.5332,1.8541,0.63564,0.48392
-21.5,2.2117,2.6892,2.6945,1.7577,3.4333,1.5415,1.8615,0.63635,0.48597
-21.25,2.2194,2.6932,2.7019,1.766,3.4414,1.5484,1.869,0.63905,0.4822
-21,2.2283,2.6972,2.7095,1.7742,3.4494,1.5559,1.8765,0.64071,0.48158
-20.75,2.2355,2.7016,2.717,1.7823,3.4573,1.5637,1.884,0.63745,0.47965
-20.5,2.2432,2.7055,2.7247,1.7892,3.4654,1.5717,1.8914,0.64141,0.48514
-20.25,2.2503,2.7095,2.7323,1.7969,3.4733,1.5788,1.8988,0.6405,0.4836
-20,2.2581,2.7143,2.7401,1.8048,3.4813,1.5868,1.9062,0.64032,0.48471
-19.75,2.2659,2.7186,2.7477,1.8126,3.4892,1.5953,1.9135,0.64449,0.48517
-19.5,2.2738,2.7225,2.7554,1.8198,3.4972,1.6031,1.9208,0.64515,0.48443
-19.25,2.2823,2.7264,2.7631,1.8274,3.5052,1.6116,1.928,0.64554,0.48138
-19,2.29,2.7305,2.7709,1.8351,3.5132,1.6193,1.9352,0.64588,0.48246
-18.75,2.2972,2.7347,2.7786,1.8423,3.5207,1.6274,1.9423,0.64874,0.48474
-18.5,2.3034,2.7385,2.7863,1.8495,3.5286,1.6354,1.9495,0.64654,0.48479
-18.25,2.2963,2.7427,2.7941,1.8572,3.5371,1.6436,1.9565,0.65054,0.48616
-18,2.3031,2.7454,2.8018,1.864,3.545,1.6508,1.9642,0.64902,0.48422
-17.75,2.3272,2.7559,2.8173,1.8777,3.5581,1.6612,1.9779,0.87929,0.5051
-17.5,2.3329,2.7579,2.8253,1.8841,3.5664,1.6683,1.9852,0.87962,0.50314
-17.25,2.3388,2.7611,2.8336,1.8903,3.5747,1.6759,1.9926,0.87939,0.50833
-17,2.3442,2.764,2.8418,1.8964,3.5831,1.6834,2.0002,0.87926,0.50619
-16.75,2.3499,2.7671,2.8501,1.9027,3.5915,1.6901,2.0077,0.88034,0.50499
-16.5,2.3548,2.77,2.8585,1.9088,3.6,1.6973,2.0149,0.88088,0.50672
-16.25,2.3599,2.7729,2.8668,1.9147,3.6084,1.7032,2.0225,0.87785,0.50398
-16,2.3648,2.7756,2.8752,1.9207,3.6168,1.7083,2.03,0.88258,0.50376
-15.75,2.3687,2.7781,2.8836,1.927,3.6251,1.7128,2.0375,0.88253,0.50472
-15.5,2.3735,2.7806,2.8919,1.9326,3.6335,1.7141,2.045,0.88194,0.50537
-15.25,2.3772,2.7831,2.9002,1.9386,3.6418,1.713,2.0525,0.88637,0.50207
-15,2.3807,2.7852,2.9085,1.9443,3.65,1.7017,2.0601,0.88411,0.5035
-14.75,2.3841,2.7873,2.916,1.9504,3.6578,1.6957,2.0675,0.88406,0.50497
-14.5,2.3871,2.7891,2.925,1.9564,3.6655,1.7002,2.0751,0.88167,0.50327
-14.25,2.3903,2.7911,2.9332,1.9627,3.6742,1.7054,2.0826,0.88969,0.50693
-14,2.3934,2.7928,2.9414,1.9693,3.6823,1.7127,2.0902,0.88635,0.50536
-13.75,2.3958,2.7944,2.9496,1.9756,3.6903,1.7196,2.0978,0.8866,0.50553
-13.5,2.3983,2.7959,2.9577,1.9821,3.6984,1.7273,2.1054,0.88591,0.50793
-13.25,2.4006,2.7971,2.9658,1.9864,3.7065,1.7348,2.1129,0.88607,0.50634
-13,2.403,2.7984,2.9739,1.9945,3.7146,1.7424,2.1199,0.88503,0.50286
-12.75,2.405,2.7995,2.982,2.0014,3.7226,1.7501,2.1283,0.88616,0.50354
-12.5,2.4068,2.8005,2.9901,2.0075,3.7305,1.7578,2.1355,0.88484,0.50616
-12.25,2.408,2.8013,2.9979,2.0143,3.7385,1.7661,2.1434,0.89136,0.50474
-12,2.4077,2.8019,3.0059,2.0211,3.7463,1.7748,2.1512,0.89199,0.50784
-11.75,2.4049,2.8027,3.0137,2.028,3.7544,1.7832,2.1589,0.89101,0.50433
-11.5,2.4023,2.8032,3.0215,2.0347,3.7624,1.7918,2.1667,0.89228,0.50609
-11.25,2.4037,2.8034,3.0293,2.0418,3.7703,1.7991,2.1745,0.89467,0.50703
-11,2.4052,2.8036,3.0371,2.0488,3.7778,1.8072,2.1823,0.89426,0.50737
-10.75,2.406,2.8036,3.0448,2.0558,3.7861,1.8144,2.1901,0.89902,0.50687
-10.5,2.4053,2.8034,3.0522,2.0621,3.7938,1.8216,2.198,0.89871,0.50305
-10.25,2.4079,2.8029,3.06,2.0694,3.8016,1.8285,2.2059,0.90036,0.50634
-10,2.4131,2.8022,3.0676,2.0754,3.8094,1.8354,2.2138,0.90149,0.50662
-9.75,2.4177,2.8016,3.075,2.0827,3.8173,1.8419,2.2216,0.90076,0.50644
-9.5,2.422,2.8005,3.0821,2.0898,3.8251,1.848,2.2294,0.90166,0.50749
-9.25,2.4261,2.7989,3.0898,2.0968,3.8328,1.8542,2.2374,0.90464,0.50738
-9,2.4297,2.7973,3.0971,2.1037,3.8404,1.86,2.2453,0.90384,0.50742
-8.75,2.4333,2.7952,3.1044,2.1101,3.848,1.8656,2.2532,0.90992,0.50934
-8.5,2.4341,2.7928,3.1116,2.1168,3.8558,1.8709,2.261,0.91052,0.50827
-8.25,2.4314,2.7902,3.1188,2.1229,3.8635,1.8764,2.2688,0.90931,0.50835
-8,2.4339,2.7869,3.1259,2.1289,3.8713,1.8819,2.2765,0.91281,0.50728
-7.75,2.448,2.7725,3.1396,2.1404,3.8843,1.8904,2.294,1.2025,0.62436
-7.5,2.4536,2.7666,3.1471,2.1463,3.8924,1.8955,2.3022,1.2037,0.62192
-7.25,2.4601,2.764,3.1544,2.1513,3.9006,1.9005,2.3103,1.2006,0.62756
-7,2.4658,2.7631,3.1615,2.1562,3.9089,1.9057,2.3188,1.1963,0.62637
-6.75,2.4718,2.7627,3.1686,2.1615,3.9173,1.9105,2.327,1.2037,0.6221
-6.5,2.4776,2.7624,3.1757,2.1661,3.9256,1.915,2.3351,1.1997,0.62797
-6.25,2.4839,2.7622,3.1826,2.1703,3.934,1.92,2.3432,1.1991,0.63093
-6,2.4898,2.7617,3.1893,2.1745,3.9423,1.924,2.3512,1.201,0.62462
-5.75,2.4952,2.7614,3.196,2.1785,3.9506,1.9329,2.3593,1.2013,0.62711
-5.5,2.5005,2.7609,3.2023,2.1823,3.9589,1.9373,2.3672,1.2019,0.6257
-5.25,2.5061,2.7603,3.2084,2.1855,3.9671,1.9415,2.375,1.2038,0.6251
-5,2.5115,2.76,3.2142,2.1889,3.9753,1.9457,2.3828,1.2079,0.62762
-4.75,2.5169,2.7596,3.2195,2.1922,3.9836,1.9496,2.3905,1.2044,0.6279
-4.5,2.5221,2.7594,3.2245,2.1951,3.9917,1.9536,2.3982,1.2032,0.63039
-4.25,2.5269,2.7592,3.2292,2.198,4,1.9571,2.4057,1.2022,0.62914
-4,2.5314,2.7589,3.2335,2.2004,4.0079,1.961,2.4132,1.2073,0.63051
-3.75,2.5368,2.7588,3.2374,2.2029,4.0163,1.9644,2.4203,1.2102,0.62902
-3.5,2.5415,2.7586,3.2411,2.2052,4.0243,1.9682,2.4276,1.2073,0.62979
-3.25,2.5459,2.7575,3.2446,2.2072,4.0324,1.9716,2.4349,1.2107,0.62656
-3,2.5502,2.7582,3.248,2.2092,4.0405,1.9748,2.4421,1.2131,0.63007
-2.75,2.5541,2.758,3.251,2.2124,4.0487,1.9782,2.4495,1.2105,0.6316
-2.5,2.5581,2.7579,3.2541,2.2142,4.0568,1.9818,2.4565,1.2147,0.63284
-2.25,2.5607,2.7577,3.2569,2.2158,4.0647,1.9851,2.463,1.2135,0.63098
-2,2.565,2.7577,3.2596,2.2174,4.0723,1.9884,2.4702,1.2146,0.62727
-1.75,2.5679,2.7573,3.2618,2.2188,4.0804,1.9919,2.4762,1.2184,0.63154
-1.5,2.5704,2.7571,3.2643,2.2206,4.0884,1.9951,2.4829,1.2152,0.63045
-1.25,2.571,2.7569,3.2666,2.222,4.0965,1.9989,2.4894,1.2149,0.63277
-1,2.5722,2.7566,3.2688,2.2233,4.1044,2,2.4958,1.2178,0.63463
-0.75,2.5721,2.7562,3.271,2.2245,4.1124,2.0032,2.502,1.2165,0.63306
-0.5,2.574,2.756,3.2732,2.2257,4.1204,2.0057,2.5083,1.2178,0.63251
-0.25,2.5776,2.7558,3.2748,2.2267,4.1283,2.0087,2.5143,1.2226,0.63196
0,2.5816,2.7555,3.277,2.2277,4.1361,2.0116,2.5204,1.2213,0.63564
0.25,2.5855,2.7555,3.2788,2.2287,4.144,2.0148,2.5263,1.2243,0.63641
0.5,2.5892,2.7551,3.2805,2.2295,4.1518,2.0177,2.5321,1.2273,0.63911
0.75,2.593,2.7547,3.2821,2.2306,4.1597,2.0207,2.5378,1.2265,0.63815
1,2.5968,2.7544,3.2836,2.2306,4.1675,2.0232,2.5433,1.2243,0.63727
1.25,2.5999,2.7539,3.285,2.2319,4.1753,2.0261,2.5487,1.2309,0.63751
1.5,2.6018,2.7534,3.2864,2.2326,4.1828,2.0287,2.5539,1.2305,0.63972
1.75,2.5972,2.7528,3.2878,2.2336,4.1905,2.0316,2.559,1.231,0.63844
2,2.6002,2.7523,3.289,2.2341,4.1981,2.034,2.5638,1.235,0.63881
2.25,2.6139,2.7513,3.2909,2.2352,4.2103,2.0377,2.5745,1.3613,0.74794
2.5,2.6164,2.7509,3.2921,2.2358,4.2182,2.0405,2.5787,1.3674,0.74801
2.75,2.6191,2.7503,3.2932,2.2362,4.2261,2.0432,2.5829,1.371,0.74776
3,2.6221,2.7497,3.2942,2.2366,4.234,2.0448,2.5868,1.3683,0.7479
3.25,2.6248,2.7491,3.2952,2.2371,4.2419,2.0477,2.5906,1.3696,0.75434
3.5,2.627,2.7484,3.2961,2.2377,4.2498,2.0498,2.5941,1.3691,0.75134
3.75,2.6292,2.7479,3.2971,2.2381,4.2576,2.0524,2.5975,1.367,0.75384
4,2.631,2.7474,3.298,2.2392,4.2655,2.0549,2.601,1.371,0.75186
4.25,2.6328,2.7467,3.2988,2.2392,4.2733,2.0571,2.6041,1.3733,0.75421
4.5,2.6342,2.7461,3.2996,2.2393,4.2813,2.0594,2.6071,1.3734,0.7542
4.75,2.6351,2.7452,3.3004,2.2395,4.2889,2.0616,2.6099,1.3707,0.7574
5,2.6355,2.7448,3.3011,2.2398,4.2967,2.0632,2.6126,1.3725,0.75796
5.25,2.6356,2.7441,3.3017,2.2401,4.3045,2.065,2.6151,1.3752,0.75618
5.5,2.6377,2.7436,3.3028,2.2403,4.3122,2.0664,2.6174,1.3768,0.76056
5.75,2.6394,2.7432,3.3031,2.2406,4.3199,2.0687,2.6197,1.3743,0.76027
6,2.641,2.7421,3.3037,2.2408,4.3276,2.0704,2.6218,1.3783,0.76383
6.25,2.6421,2.7416,3.3043,2.2408,4.3353,2.0724,2.6239,1.3837,0.76419
6.5,2.6427,2.741,3.3048,2.2409,4.3428,2.0743,2.6257,1.3852,0.76477
6.75,2.6397,2.7405,3.3054,2.2409,4.3506,2.0761,2.6274,1.3841,0.76688
7,2.641,2.7388,3.3059,2.2414,4.3582,2.0778,2.6291,1.3858,0.76601
7.25,2.6421,2.7397,3.3065,2.2415,4.3654,2.0793,2.6308,1.3862,0.76996
7.5,2.6427,2.7383,3.307,2.2421,4.3734,2.0809,2.6325,1.3928,0.77316
7.75,2.6426,2.7377,3.3075,2.2424,4.381,2.0828,2.6341,1.3868,0.76884
8,2.6425,2.7371,3.308,2.2425,4.3885,2.0843,2.6355,1.3919,0.77149
8.25,2.6425,2.7363,3.3084,2.2426,4.3962,2.0861,2.6368,1.3925,0.77642
8.5,2.6424,2.7362,3.3088,2.2428,4.4043,2.0878,2.6381,1.3971,0.77458
8.75,2.6425,2.7356,3.3091,2.2428,4.4118,2.0896,2.6395,1.4015,0.77776
9,2.6422,2.735,3.3095,2.2428,4.4194,2.0916,2.6407,1.4017,0.78033
9.25,2.6422,2.7345,3.3101,2.243,4.4275,2.0932,2.6419,1.4061,0.78332
9.5,2.6421,2.7337,3.3109,2.2432,4.4349,2.0948,2.6431,1.4094,0.78522
9.75,2.6421,2.7331,3.3108,2.2432,4.443,2.0961,2.6441,1.4134,0.78968
10,2.6421,2.7325,3.3111,2.2437,4.4516,2.0954,2.6451,1.4117,0.78446
10.25,2.6422,2.7319,3.3115,2.2436,4.4597,2.097,2.6461,1.4136,0.79263
10.5,2.6422,2.7317,3.3117,2.2437,4.4672,2.0984,2.6472,1.4196,0.80013
10.75,2.6421,2.7332,3.312,2.2436,4.4753,2.1,2.648,1.4222,0.79918
11,2.6421,2.7324,3.3122,2.2442,4.4834,2.1015,2.649,1.4252,0.80461
11.25,2.6419,2.7322,3.3125,2.2437,4.4919,2.1037,2.6501,1.4316,0.80156
11.5,2.6419,2.7308,3.3128,2.2435,4.4994,2.1055,2.6509,1.4329,0.80808
11.75,2.642,2.7311,3.3131,2.2433,4.5079,2.1075,2.6518,1.4369,0.81575
12,2.6422,2.7304,3.3133,2.2433,4.5158,2.1093,2.6526,1.4424,0.82025
12.25,2.6423,2.7305,3.3135,2.2437,4.5237,2.111,2.6535,1.4423,0.82561
12.5,2.6423,2.7303,3.3137,2.2445,4.5315,2.1124,2.6542,1.4459,0.82758
12.75,2.6423,2.7306,3.3139,2.2454,4.5387,2.1123,2.6548,1.4507,0.83647
13,2.6425,2.7309,3.3141,2.2454,4.5463,2.1143,2.6554,1.4548,0.84734
13.25,2.6425,2.7307,3.3143,2.2463,4.5539,2.1158,2.6561,1.458,0.85543
13.5,2.6425,2.7296,3.3144,2.2467,4.5607,2.1173,2.6568,1.4603,0.85843
13.75,2.6423,2.7301,3.3148,2.2467,4.5676,2.1187,2.6572,1.4612,0.87243
14,2.6424,2.7296,3.3148,2.247,4.5742,2.1202,2.6578,1.4693,0.87551
14.25,2.6423,2.7298,3.3148,2.247,4.5803,2.1218,2.6584,1.4749,0.87894
14.5,2.6423,2.7296,3.3149,2.2468,4.5858,2.1243,2.6588,1.477,0.88339
14.75,2.6424,2.7294,3.315,2.2464,4.5904,2.1273,2.6591,1.4806,0.88397
15,2.6422,2.7292,3.3151,2.2452,4.5943,2.1308,2.6594,1.4827,0.89207
15.25,2.6423,2.7289,3.3152,2.2433,4.5952,2.1342,2.6598,1.4879,0.89602
15.5,2.6423,2.7286,3.3154,2.2406,4.5931,2.1382,2.6602,1.4951,0.90519
15.75,2.6422,2.7284,3.3155,2.2371,4.5899,2.1423,2.6602,1.494,0.91172
16,2.6422,2.7284,3.3157,2.2311,4.5859,2.1468,2.6604,1.5001,0.9182
16.25,2.6421,2.7283,3.315,2.2401,4.5813,2.1507,2.6606,1.502,0.92227
16.5,2.6421,2.7281,3.3152,2.2366,4.5761,2.1542,2.6608,1.5088,0.92358
16.75,2.642,2.728,3.3153,2.2304,4.5717,2.1586,2.6609,1.5152,0.93105
17,2.6419,2.7279,3.3155,2.2279,4.5671,2.1628,2.6612,1.5181,0.94449
17.25,2.6419,2.7282,3.3153,2.2278,4.5783,2.1546,2.6615,1.5231,0.97065
17.5,2.641,2.7278,3.3152,2.2275,4.574,2.158,2.6616,1.5283,1.0045
17.75,2.6412,2.7274,3.315,2.2274,4.5696,2.1625,2.6616,1.5345,1.0504
18,2.6411,2.7275,3.3151,2.2273,4.5653,2.1666,2.6615,1.5332,1.1037
18.25,2.6411,2.7273,3.315,2.228,4.5651,2.168,2.6614,1.5364,1.1896
18.5,2.6411,2.7271,3.3151,2.2282,4.5652,2.1687,2.6614,1.5374,1.2574
18.75,2.6412,2.7268,3.3152,2.2284,4.5652,2.1692,2.661,1.5433,1.2767
19,2.6412,2.7265,3.3151,2.2283,4.5652,2.1694,2.661,1.5722,1.2919
19.25,2.6411,2.7263,3.315,2.2286,4.5652,2.17,2.6611,1.5828,1.2998
19.5,2.6411,2.7263,3.3149,2.2289,4.5652,2.1704,2.6611,1.5939,1.3033
19.75,2.6411,2.7262,3.3148,2.2291,4.5655,2.1712,2.6611,1.5977,1.2689
20,2.641,2.7261,3.3147,2.2296,4.5652,2.1717,2.6611,1.5349,1.2323
